Image,lon,lat
1.jpg,73.84201,18.52265
10.jpg,73.84201,18.52265
100.jpg,73.85,18.52
101.jpg,73.85,18.52
102.jpg,73.85,18.52
103.jpg,73.85,18.52
104.jpg,73.85,18.52
105.jpg,73.85,18.52
106.jpg,73.85,18.52
107.jpg,73.85,18.52
109.jpg,73.85,18.52
11.jpg,73.84201,18.52265
110.jpg,73.85,18.52
111.jpg,73.85,18.52
112.jpg,73.85,18.52
113.jpg,73.85144,18.52675
114.jpg,73.85144,18.52675
115.jpg,73.8515,18.52671
116.jpg,73.85131,18.52665
117.jpg,73.85131,18.52665
118.jpg,73.85131,18.52665
119.jpg,73.85131,18.52665
12.jpg,73.84201,18.52265
120.jpg,73.85133,18.52673
121.jpg,73.85139,18.52674
122.jpg,73.85139,18.52674
123.jpg,73.85146,18.52675
124.jpg,73.85148,18.52676
125.jpg,73.85148,18.52676
126.jpg,73.85148,18.52676
127.jpg,73.8514,18.52672
128.jpg,73.85125,18.52674
129.jpg,73.85125,18.52674
13.jpg,73.84201,18.52265
130.jpg,73.84897,18.5258
131.jpg,73.84897,18.5258
132.jpg,73.84897,18.5258
133.jpg,73.84897,18.5258
134.jpg,73.84897,18.5258
135.jpg,73.84897,18.5258
136.jpg,73.84897,18.5258
137.jpg,73.84897,18.5258
138.jpg,73.84897,18.5258
139.jpg,73.84897,18.5258
14.jpg,73.84201,18.52265
140.jpg,73.84897,18.5258
141.jpg,73.84981,18.52578
142.jpg,73.84981,18.52578
143.jpg,73.84981,18.52578
144.jpg,73.84981,18.52578
145.jpg,73.84981,18.52578
146.jpg,73.84981,18.52578
147.jpg,73.84981,18.52578
148.jpg,73.84981,18.52578
149.jpg,73.84981,18.52578
15.jpg,73.84201,18.52265
150.jpg,73.84981,18.52578
151.jpg,73.84981,18.52578
152.jpg,73.84981,18.52578
153.jpg,73.84981,18.52578
154.jpg,73.84981,18.52578
155.jpg,73.84981,18.52578
156.jpg,73.84981,18.52578
157.jpg,73.84981,18.52578
158.jpg,73.84981,18.52578
159.jpg,73.84981,18.52578
16.jpg,73.84201,18.52265
160.jpg,73.84981,18.52578
161.jpg,73.84981,18.52578
162.jpg,73.84981,18.52578
163.jpg,73.84981,18.52578
164.jpg,73.84981,18.52578
165.jpg,73.84981,18.52578
166.jpg,73.84981,18.52578
167.jpg,73.84981,18.52578
168.jpg,73.84981,18.52578
169.jpg,73.84981,18.52578
17.jpg,73.84201,18.52265
170.jpg,73.84981,18.52578
171.jpg,73.84981,18.52578
172.jpg,73.84981,18.52578
173.jpg,73.84981,18.52578
174.jpg,73.84981,18.52578
175.jpg,73.84981,18.52578
176.jpg,73.84981,18.52578
177.jpg,73.84981,18.52578
178.jpg,73.84981,18.52578
179.jpg,73.84981,18.52578
18.jpg,73.84201,18.52265
180.jpg,73.84981,18.52578
181.jpg,73.84981,18.52578
182.jpg,73.84981,18.52578
183.jpg,73.84981,18.52578
184.jpg,73.84981,18.52578
185.jpg,73.84981,18.52578
186.jpg,73.84981,18.52578
187.jpg,73.84981,18.52578
188.jpg,73.84981,18.52578
189.jpg,73.84,18.52
19.jpg,73.84201,18.52265
190.jpg,73.84,18.52
191.jpg,73.84,18.52
192.jpg,73.84,18.52
193.jpg,73.84,18.52
194.jpg,73.84,18.52
195.jpg,73.84,18.52
196.jpg,73.84,18.52
197.jpg,73.84,18.52
198.jpg,73.84,18.52
199.jpg,73.84,18.52
2.jpg,73.84201,18.52265
20.jpg,73.84201,18.52265
200.jpg,73.84,18.52
201.jpg,73.84,18.52
202.jpg,73.84,18.52
203.jpg,73.84,18.52
204.jpg,73.84,18.52
205.jpg,73.84905,18.52251
206.jpg,73.84905,18.52251
207.jpg,73.84905,18.52251
208.jpg,73.84905,18.52251
209.jpg,73.84905,18.52251
21.jpg,73.84201,18.52265
210.jpg,73.84905,18.52251
211.jpg,73.84905,18.52251
212.jpg,73.84909,18.52263
213.jpg,73.84909,18.52263
214.jpg,73.84909,18.52263
215.jpg,73.84909,18.52263
216.jpg,73.84909,18.52263
217.jpg,73.84909,18.52263
218.jpg,73.84911,18.52259
219.jpg,73.84909,18.52264
22.jpg,73.84201,18.52265
220.jpg,73.84909,18.52258
221.jpg,73.8491,18.52257
222.jpg,73.84909,18.52252
223.jpg,73.84908,18.52253
224.jpg,73.84158,18.51846
225.jpg,73.84158,18.51846
226.jpg,73.84158,18.51846
227.jpg,73.84158,18.51846
228.jpg,73.84158,18.51846
229.jpg,73.84158,18.51846
23.jpg,73.84201,18.52265
230.jpg,73.84158,18.51846
231.jpg,73.84158,18.51846
232.jpg,73.84158,18.51846
233.jpg,73.84158,18.51846
234.jpg,73.84158,18.51846
235.jpg,73.84158,18.51846
236.jpg,73.84158,18.51846
237.jpg,73.84158,18.51846
238.jpg,73.84158,18.51846
239.jpg,73.84158,18.51846
24.jpg,73.84201,18.52265
240.jpg,73.84158,18.51846
241.jpg,73.84158,18.51846
242.jpg,73.84158,18.51846
243.jpg,73.84158,18.51846
244.jpg,73.84158,18.51846
245.jpg,73.84158,18.51846
246.jpg,73.84158,18.51846
247.jpg,73.84158,18.51846
248.jpg,73.84158,18.51846
249.jpg,73.84158,18.51846
25.jpg,73.84201,18.52265
250.jpg,73.84158,18.51846
251.jpg,73.84158,18.51846
252.jpg,73.84158,18.51846
253.jpg,73.84158,18.51846
254.jpg,73.84158,18.51846
255.jpg,73.84158,18.51846
256.jpg,73.84158,18.51846
257.jpg,73.84158,18.51846
258.jpg,73.84158,18.51846
259.jpg,73.84158,18.51846
26.jpg,73.84201,18.52265
260.jpg,73.84158,18.51846
261.jpg,73.84158,18.51846
262.jpg,73.84158,18.51846
263.jpg,73.84158,18.51846
268.jpg,73.84158,18.51846
269.jpg,73.84158,18.51846
27.jpg,73.84201,18.52265
270.jpg,73.84158,18.51846
271.jpg,73.84158,18.51846
272.jpg,73.84158,18.51846
273.jpg,73.84158,18.51846
274.jpg,73.84158,18.51846
275.jpg,73.84158,18.51846
276.jpg,73.84158,18.51846
277.jpg,73.84158,18.51846
278.jpg,73.84158,18.51846
279.jpg,73.84158,18.51846
28.jpg,73.84201,18.52265
280.jpg,73.84158,18.51846
281.jpg,73.84158,18.51846
282.jpg,73.84158,18.51846
283.jpg,73.84158,18.51846
284.jpg,73.84158,18.51846
285.jpg,73.84158,18.51846
286.jpg,73.84158,18.51846
287.jpg,73.84158,18.51846
288.jpg,73.84158,18.51846
289.jpg,73.84158,18.51846
29.jpg,73.84201,18.52265
290.jpg,73.84158,18.51846
291.jpg,73.84158,18.51846
292.jpg,73.84158,18.51846
293.jpg,73.84158,18.51846
294.jpg,73.84158,18.51846
295.jpg,73.84158,18.51846
296.jpg,73.84747,18.52306
297.jpg,73.84747,18.52306
298.jpg,73.84747,18.52306
299.jpg,73.84747,18.52306
3.jpg,73.84201,18.52265
30.jpg,73.84201,18.52265
300.jpg,73.84747,18.52306
301.jpg,73.84747,18.52306
302.jpg,73.84747,18.52306
303.jpg,73.84747,18.52306
304.jpg,73.84747,18.52306
305.jpg,73.84747,18.52306
306.jpg,73.84747,18.52306
307.jpg,73.84747,18.52306
308.jpg,73.84747,18.52306
309.jpg,73.84747,18.52306
31.jpg,73.84201,18.52265
310.jpg,73.84747,18.52306
311.jpg,73.84747,18.52306
312.jpg,73.84747,18.52306
313.jpg,73.84747,18.52306
314.jpg,73.84747,18.52306
315.jpg,73.84747,18.52306
316.jpg,73.84747,18.52306
317.jpg,73.84747,18.52306
318.jpg,73.84747,18.52306
319.jpg,73.84747,18.52306
32.jpg,73.84201,18.52265
320.jpg,73.84747,18.52306
321.jpg,73.84747,18.52306
322.jpg,73.84747,18.52306
323.jpg,73.84747,18.52306
324.jpg,73.84747,18.52306
325.jpg,73.84747,18.52306
326.jpg,73.84747,18.52306
327.jpg,73.84747,18.52306
328.jpg,73.84747,18.52306
329.jpg,73.84747,18.52306
33.jpg,73.84201,18.52265
330.jpg,73.84747,18.52306
331.jpg,73.84747,18.52306
332.jpg,73.84747,18.52306
333.jpg,73.84747,18.52306
334.jpg,73.84747,18.52306
335.jpg,73.84747,18.52306
336.jpg,73.84747,18.52306
337.jpg,73.84747,18.52306
338.jpg,73.84747,18.52306
339.jpg,73.84747,18.52306
34.jpg,73.84201,18.52265
340.jpg,73.84747,18.52306
341.jpg,73.84747,18.52306
342.jpg,73.84747,18.52306
343.jpg,73.84747,18.52306
344.jpg,73.84747,18.52306
345.jpg,73.84747,18.52306
346.jpg,73.84747,18.52306
347.jpg,73.84747,18.52306
348.jpg,73.84747,18.52306
349.jpg,73.84747,18.52306
35.jpg,73.84201,18.52265
350.jpg,73.84747,18.52306
351.jpg,73.84747,18.52306
352.jpg,73.84747,18.52306
353.jpg,73.84747,18.52306
354.jpg,73.84747,18.52306
355.jpg,73.84747,18.52306
356.jpg,73.84747,18.52306
357.jpg,73.84747,18.52306
358.jpg,73.84747,18.52306
359.jpg,73.84747,18.52306
36.jpg,73.84201,18.52265
360.jpg,73.84747,18.52306
361.jpg,73.84747,18.52306
362.jpg,73.84747,18.52306
363.jpg,73.84747,18.52306
364.jpg,73.84747,18.52306
365.jpg,73.84747,18.52306
366.jpg,73.84747,18.52306
367.jpg,73.84747,18.52306
368.jpg,73.84747,18.52306
369.jpg,73.84747,18.52306
37.jpg,73.84201,18.52265
370.jpg,73.84747,18.52306
371.jpg,73.84747,18.52306
372.jpg,73.84747,18.52306
373.jpg,73.84747,18.52306
374.jpg,73.84747,18.52306
375.jpg,73.84747,18.52306
38.jpg,73.84201,18.52265
39.jpg,73.84201,18.52265
392.jpg,73.84747,18.52306
393.jpg,73.84747,18.52306
394.jpg,73.84747,18.52306
395.jpg,73.84747,18.52306
396.jpg,73.84747,18.52306
397.jpg,73.84747,18.52306
398.jpg,73.84747,18.52306
399.jpg,73.84747,18.52306
4.jpg,73.84201,18.52265
40.jpg,73.84201,18.52265
400.jpg,73.84747,18.52306
401.jpg,73.84747,18.52306
402.jpg,73.84747,18.52306
403.jpg,73.84747,18.52306
404.jpg,73.84747,18.52306
405.jpg,73.84747,18.52306
406.jpg,73.84747,18.52306
407.jpg,73.84747,18.52306
408.jpg,73.84747,18.52306
409.jpg,73.84747,18.52306
41.jpg,73.84201,18.52265
410.jpg,73.84747,18.52306
411.jpg,73.84747,18.52306
412.jpg,73.84747,18.52306
413.jpg,73.84747,18.52306
414.jpg,73.84747,18.52306
415.jpg,73.84747,18.52306
416.jpg,73.84747,18.52306
417.jpg,73.84747,18.52306
418.jpg,73.84747,18.52306
419.jpg,73.84747,18.52306
42.jpg,73.84201,18.52265
420.jpg,73.84747,18.52306
421.jpg,73.84747,18.52306
422.jpg,73.84747,18.52306
423.jpg,73.84747,18.52306
424.jpg,73.84747,18.52306
425.jpg,73.84747,18.52306
426.jpg,73.84747,18.52306
427.jpg,73.84747,18.52306
428.jpg,73.84747,18.52306
429.jpg,73.84747,18.52306
43.jpg,73.84201,18.52265
430.jpg,73.84747,18.52306
431.jpg,73.84747,18.52306
432.jpg,73.84747,18.52306
433.jpg,73.84747,18.52306
434.jpg,73.84747,18.52306
435.jpg,73.84747,18.52306
436.jpg,73.84747,18.52306
437.jpg,73.84747,18.52306
438.jpg,73.84747,18.52306
439.jpg,73.84747,18.52306
44.jpg,73.84201,18.52265
440.jpg,73.84747,18.52306
441.jpg,73.84747,18.52306
442.jpg,73.84747,18.52306
443.jpg,73.84747,18.52306
444.jpg,73.84747,18.52306
445.jpg,73.84747,18.52306
446.jpg,73.84747,18.52306
447.jpg,73.84747,18.52306
448.jpg,73.84747,18.52306
449.jpg,73.84747,18.52306
45.jpg,73.84201,18.52265
450.jpg,73.84747,18.52306
451.jpg,73.84747,18.52306
452.jpg,73.84747,18.52306
453.jpg,73.84747,18.52306
454.jpg,73.84747,18.52306
455.jpg,73.84747,18.52306
46.jpg,73.84201,18.52265
47.jpg,73.84201,18.52265
472.jpg,73.85,18.52
473.jpg,73.85149,18.52586
474.jpg,73.84,18.52
475.jpg,73.84,18.52
476.jpg,73.84,18.52
477.jpg,73.84,18.52
478.jpg,73.84,18.52
479.jpg,73.84,18.52
48.jpg,73.84201,18.52265
480.jpg,73.84,18.52
481.jpg,73.84,18.52
482.jpg,73.84,18.52
483.jpg,73.84,18.52
484.jpg,73.84,18.52
485.jpg,73.84,18.52
486.jpg,73.84,18.52
487.jpg,73.84,18.52
488.jpg,73.84,18.52
489.jpg,73.84,18.52
49.jpg,73.84201,18.52265
490.jpg,73.84,18.52
491.jpg,73.84,18.52
492.jpg,73.84,18.52
493.jpg,73.84,18.52
494.jpg,73.84,18.52
495.jpg,73.84,18.52
496.jpg,73.84,18.52
497.jpg,73.84946,18.52248
498.jpg,73.84939,18.52249
499.jpg,73.84939,18.52249
5.jpg,73.84201,18.52265
50.jpg,73.84201,18.52265
500.jpg,73.84939,18.52249
501.jpg,73.84939,18.52249
502.jpg,73.8494,18.52249
503.jpg,73.84937,18.52249
504.jpg,73.84981,18.52078
505.jpg,73.84939,18.52249
506.jpg,73.8494,18.52249
507.jpg,73.8494,18.52249
508.jpg,73.84938,18.52227
509.jpg,73.8494,18.52237
51.jpg,73.84201,18.52265
510.jpg,73.8516,18.52721
511.jpg,73.8516,18.52721
512.jpg,73.8516,18.52721
513.jpg,73.8516,18.52721
514.jpg,73.8516,18.52721
515.jpg,73.8516,18.52721
516.jpg,73.8516,18.52721
517.jpg,73.8516,18.52721
518.jpg,73.8516,18.52721
519.jpg,73.8516,18.52721
52.jpg,73.84201,18.52265
520.jpg,73.8516,18.52721
521.jpg,73.8516,18.52721
522.jpg,73.8516,18.52721
523.jpg,73.8516,18.52721
524.jpg,73.8516,18.52721
525.jpg,73.8516,18.52721
526.jpg,73.8516,18.52721
527.jpg,73.8516,18.52721
528.jpg,73.8516,18.52721
529.jpg,73.8516,18.52721
53.jpg,73.84201,18.52265
530.jpg,73.8516,18.52721
531.jpg,73.8516,18.52721
532.jpg,73.8516,18.52721
533.jpg,73.8516,18.52721
534.jpg,73.8516,18.52721
535.jpg,73.8516,18.52721
536.jpg,73.8516,18.52721
537.jpg,73.8516,18.52721
538.jpg,73.8516,18.52721
539.jpg,73.8516,18.52721
54.jpg,73.84201,18.52265
540.jpg,73.8516,18.52721
541.jpg,73.8516,18.52721
542.jpg,73.8516,18.52721
543.jpg,73.8516,18.52721
544.jpg,73.8516,18.52721
545.jpg,73.8516,18.52721
546.jpg,73.8516,18.52721
547.jpg,73.8516,18.52721
548.jpg,73.8516,18.52721
549.jpg,73.8516,18.52721
55.jpg,73.84201,18.52265
550.jpg,73.84769,18.52546
551.jpg,73.84769,18.52546
552.jpg,73.84769,18.52546
553.jpg,73.84769,18.52546
554.jpg,73.84769,18.52546
555.jpg,73.84769,18.52546
556.jpg,73.84769,18.52546
557.jpg,73.84769,18.52546
558.jpg,73.84769,18.52546
559.jpg,73.84769,18.52546
56.jpg,73.84201,18.52265
560.jpg,73.84769,18.52546
561.jpg,73.84769,18.52546
562.jpg,73.84769,18.52546
563.jpg,73.84769,18.52546
564.jpg,73.84769,18.52546
565.jpg,73.84769,18.52546
566.jpg,73.84769,18.52546
567.jpg,73.84769,18.52546
568.jpg,73.84769,18.52546
569.jpg,73.84769,18.52546
57.jpg,73.84201,18.52265
570.jpg,73.84769,18.52546
571.jpg,73.84769,18.52546
572.jpg,73.84769,18.52546
573.jpg,73.84769,18.52546
574.jpg,73.84769,18.52546
575.jpg,73.84769,18.52546
576.jpg,73.84769,18.52546
577.jpg,73.84769,18.52546
578.jpg,73.84769,18.52546
579.jpg,73.84769,18.52546
58.jpg,73.84201,18.52265
580.jpg,73.84769,18.52546
581.jpg,73.84769,18.52546
582.jpg,73.84769,18.52546
583.jpg,73.84769,18.52546
584.jpg,73.84769,18.52546
585.jpg,73.84769,18.52546
586.jpg,73.84769,18.52546
587.jpg,73.84769,18.52546
588.jpg,73.84769,18.52546
589.jpg,73.84769,18.52546
59.jpg,73.84201,18.52265
590.jpg,73.84769,18.52546
591.jpg,73.84769,18.52546
592.jpg,73.84769,18.52546
593.jpg,73.84769,18.52546
594.jpg,73.84769,18.52546
595.jpg,73.84769,18.52546
596.jpg,73.84769,18.52546
597.jpg,73.84769,18.52546
598.jpg,73.85,18.52
599.jpg,73.85,18.52
6.jpg,73.84201,18.52265
60.jpg,73.84201,18.52265
600.jpg,73.85,18.52
601.jpg,73.85,18.52
602.jpg,73.85,18.52
603.jpg,73.85,18.52
604.jpg,73.85,18.52
605.jpg,73.85,18.52
606.jpg,73.85,18.52
607.jpg,73.85,18.52
608.jpg,73.85,18.52
609.jpg,73.85,18.52
61.jpg,73.84201,18.52265
610.jpg,73.85,18.52
611.jpg,73.85,18.52
612.jpg,73.85,18.52
613.jpg,73.85,18.52
614.jpg,73.85,18.52
615.jpg,73.85,18.52
616.jpg,73.85,18.52
617.jpg,73.85,18.52
618.jpg,73.85018,18.52579
619.jpg,73.85018,18.52579
62.jpg,73.84201,18.52265
620.jpg,73.85018,18.52579
621.jpg,73.85018,18.52579
622.jpg,73.85018,18.52579
623.jpg,73.85018,18.52579
624.jpg,73.85034,18.5259
625.jpg,73.85034,18.5259
626.jpg,73.85034,18.5259
627.jpg,73.85091,18.527
628.jpg,73.85091,18.527
629.jpg,73.8503,18.52588
63.jpg,73.84201,18.52265
630.jpg,73.85027,18.52588
631.jpg,73.85029,18.52584
632.jpg,73.85024,18.52585
633.jpg,73.85025,18.52582
634.jpg,73.85024,18.52583
635.jpg,73.84109,18.52012
636.jpg,73.84109,18.52012
637.jpg,73.84109,18.52012
638.jpg,73.84109,18.52012
639.jpg,73.84109,18.52012
64.jpg,73.84201,18.52265
640.jpg,73.84109,18.52012
641.jpg,73.84109,18.52012
642.jpg,73.84109,18.52012
643.jpg,73.84109,18.52012
644.jpg,73.84109,18.52012
645.jpg,73.84109,18.52012
646.jpg,73.84109,18.52012
647.jpg,73.84109,18.52012
648.jpg,73.84109,18.52012
649.jpg,73.84109,18.52012
65.jpg,73.84201,18.52265
650.jpg,73.84109,18.52012
651.jpg,73.84109,18.52012
652.jpg,73.84109,18.52012
653.jpg,73.84109,18.52012
654.jpg,73.84109,18.52012
655.jpg,73.84109,18.52012
656.jpg,73.84109,18.52012
657.jpg,73.84109,18.52012
658.jpg,73.84109,18.52012
659.jpg,73.84109,18.52012
66.jpg,73.84201,18.52265
660.jpg,73.84109,18.52012
661.jpg,73.84109,18.52012
662.jpg,73.84109,18.52012
663.jpg,73.84109,18.52012
664.jpg,73.84109,18.52012
665.jpg,73.84109,18.52012
666.jpg,73.84109,18.52012
667.jpg,73.84109,18.52012
668.jpg,73.84109,18.52012
669.jpg,73.84109,18.52012
67.jpg,73.84201,18.52265
670.jpg,73.84109,18.52012
671.jpg,73.84,18.52
672.jpg,73.84,18.52
673.jpg,73.84,18.52
674.jpg,73.84,18.52
675.jpg,73.84,18.52
676.jpg,73.84,18.52
677.jpg,73.84,18.52
678.jpg,73.84,18.52
679.jpg,73.84,18.52
68.jpg,73.84201,18.52265
680.jpg,73.84621,18.52014
681.jpg,73.84605,18.52019
682.jpg,73.84605,18.52019
683.jpg,73.84605,18.52019
684.jpg,73.84605,18.52019
685.jpg,73.84605,18.52019
686.jpg,73.84,18.51
687.jpg,73.84,18.51
688.jpg,73.84,18.51
689.jpg,73.84,18.51
69.jpg,73.84201,18.52265
690.jpg,73.84,18.51
691.jpg,73.84,18.51
692.jpg,73.84,18.51
693.jpg,73.84,18.51
694.jpg,73.84615,18.52076
695.jpg,73.84615,18.52076
696.jpg,73.84615,18.52076
697.jpg,73.84615,18.52076
698.jpg,73.84615,18.52076
699.jpg,73.84625,18.5207
7.jpg,73.84201,18.52265
70.jpg,73.84201,18.52265
700.jpg,73.85,18.52
701.jpg,73.85,18.52
703.jpg,73.85,18.52
704.jpg,73.85,18.52
705.jpg,73.85,18.52
706.jpg,73.85,18.52
707.jpg,73.85,18.52
708.jpg,73.85,18.52
709.jpg,73.85,18.52
71.jpg,73.84201,18.52265
710.jpg,73.85,18.52
711.jpg,73.85,18.52
712.jpg,73.85,18.52
713.jpg,73.85,18.52
714.jpg,73.85,18.52
715.jpg,73.85,18.52
716.jpg,73.85,18.52
717.jpg,73.85,18.52
718.jpg,73.85201,18.52889
719.jpg,73.85211,18.52614
72.jpg,73.84201,18.52265
720.jpg,73.85128,18.52775
721.jpg,73.85128,18.52775
722.jpg,73.85211,18.52615
723.jpg,73.85128,18.52775
724.jpg,73.85128,18.52775
725.jpg,73.85128,18.52775
726.jpg,73.8522,18.52595
727.jpg,73.84,18.52
728.jpg,73.84,18.52
729.jpg,73.84,18.52
73.jpg,73.84201,18.52265
730.jpg,73.84,18.52
731.jpg,73.84,18.52
732.jpg,73.84,18.52
733.jpg,73.84,18.52
734.jpg,73.84,18.52
735.jpg,73.84,18.52
736.jpg,73.84,18.52
737.jpg,73.84,18.52
738.jpg,73.84,18.52
739.jpg,73.84,18.52
74.jpg,73.84201,18.52265
741.jpg,73.84,18.52
742.jpg,73.84,18.52
743.jpg,73.84,18.52
744.jpg,73.84,18.52
745.jpg,73.84,18.52
746.jpg,73.84,18.52
747.jpg,73.84,18.52
748.jpg,73.84,18.52
749.jpg,73.84,18.52
75.jpg,73.84201,18.52265
750.jpg,73.84979,18.52532
751.jpg,73.85275,18.5286
752.jpg,73.85275,18.5286
753.jpg,73.85275,18.5286
754.jpg,73.84994,18.52544
755.jpg,73.84991,18.52536
756.jpg,73.84991,18.52536
757.jpg,73.84991,18.52536
758.jpg,73.84991,18.52536
759.jpg,73.84991,18.52536
76.jpg,73.84201,18.52265
760.jpg,73.85006,18.52541
761.jpg,73.85006,18.52541
762.jpg,73.84871,18.525
763.jpg,73.84871,18.525
764.jpg,73.84979,18.52535
765.jpg,73.8497,18.52545
766.jpg,73.84113,18.52096
767.jpg,73.84113,18.52096
768.jpg,73.84113,18.52096
769.jpg,73.84113,18.52096
77.jpg,73.84201,18.52265
770.jpg,73.84113,18.52096
771.jpg,73.84113,18.52096
772.jpg,73.84113,18.52096
773.jpg,73.84113,18.52096
774.jpg,73.84113,18.52096
775.jpg,73.84113,18.52096
776.jpg,73.84113,18.52096
777.jpg,73.84113,18.52096
778.jpg,73.84113,18.52096
779.jpg,73.84113,18.52096
78.jpg,73.84201,18.52265
780.jpg,73.84113,18.52096
781.jpg,73.84113,18.52096
782.jpg,73.84113,18.52096
783.jpg,73.84113,18.52096
784.jpg,73.84113,18.52096
785.jpg,73.84113,18.52096
786.jpg,73.84113,18.52096
787.jpg,73.84113,18.52096
788.jpg,73.84113,18.52096
789.jpg,73.84113,18.52096
79.jpg,73.84201,18.52265
790.jpg,73.84113,18.52096
791.jpg,73.84113,18.52096
792.jpg,73.84113,18.52096
793.jpg,73.84113,18.52096
794.jpg,73.84113,18.52096
795.jpg,73.84113,18.52096
796.jpg,73.84113,18.52096
797.jpg,73.84113,18.52096
798.jpg,73.84113,18.52096
799.jpg,73.84113,18.52096
8.jpg,73.84201,18.52265
80.jpg,73.84201,18.52265
800.jpg,73.84113,18.52096
801.jpg,73.84113,18.52096
802.jpg,73.84113,18.52096
803.jpg,73.84113,18.52096
804.jpg,73.84113,18.52096
805.jpg,73.84113,18.52096
806.jpg,73.84113,18.52096
807.jpg,73.84113,18.52096
808.jpg,73.84113,18.52096
809.jpg,73.84113,18.52096
81.jpg,73.84201,18.52265
810.jpg,73.84113,18.52096
811.jpg,73.84113,18.52096
812.jpg,73.84113,18.52096
813.jpg,73.84113,18.52096
814.jpg,73.84113,18.52096
815.jpg,73.84113,18.52096
816.jpg,73.84113,18.52096
817.jpg,73.84113,18.52096
818.jpg,73.84113,18.52096
819.jpg,73.84113,18.52096
82.jpg,73.84201,18.52265
820.jpg,73.84113,18.52096
821.jpg,73.84113,18.52096
822.jpg,73.84113,18.52096
823.jpg,73.84113,18.52096
824.jpg,73.84113,18.52096
825.jpg,73.84113,18.52096
826.jpg,73.84113,18.52096
827.jpg,73.84113,18.52096
828.jpg,73.84113,18.52096
829.jpg,73.84113,18.52096
83.jpg,73.84201,18.52265
830.jpg,73.84113,18.52096
831.jpg,73.84113,18.52096
832.jpg,73.84113,18.52096
833.jpg,73.84113,18.52096
834.jpg,73.84113,18.52096
835.jpg,73.84113,18.52096
836.jpg,73.84113,18.52096
837.jpg,73.84113,18.52096
838.jpg,73.84113,18.52096
839.jpg,73.84113,18.52096
84.jpg,73.84201,18.52265
840.jpg,73.84113,18.52096
841.jpg,73.84113,18.52096
842.jpg,73.84113,18.52096
843.jpg,73.84113,18.52096
844.jpg,73.84113,18.52096
845.jpg,73.84113,18.52096
846.jpg,73.84113,18.52096
847.jpg,73.84113,18.52096
848.jpg,73.84113,18.52096
849.jpg,73.84113,18.52096
85.jpg,73.84201,18.52265
850.jpg,73.84113,18.52096
851.jpg,73.84113,18.52096
852.jpg,73.84113,18.52096
853.jpg,73.84113,18.52096
854.jpg,73.84113,18.52096
855.jpg,73.84113,18.52096
856.jpg,73.84113,18.52096
857.jpg,73.84113,18.52096
858.jpg,73.84113,18.52096
859.jpg,73.84113,18.52096
86.jpg,73.84201,18.52265
860.jpg,73.84113,18.52096
861.jpg,73.84113,18.52096
862.jpg,73.84113,18.52096
863.jpg,73.84113,18.52096
864.jpg,73.84113,18.52096
865.jpg,73.84113,18.52096
866.jpg,73.84113,18.52096
867.jpg,73.84113,18.52096
868.jpg,73.84113,18.52096
869.jpg,73.84113,18.52096
87.jpg,73.84201,18.52265
870.jpg,73.84113,18.52096
871.jpg,73.84113,18.52096
872.jpg,73.84113,18.52096
873.jpg,73.84113,18.52096
874.jpg,73.84113,18.52096
875.jpg,73.84113,18.52096
876.jpg,73.84113,18.52096
877.jpg,73.84113,18.52096
878.jpg,73.84113,18.52096
879.jpg,73.84113,18.52096
88.jpg,73.84201,18.52265
880.jpg,73.84113,18.52096
881.jpg,73.84113,18.52096
882.jpg,73.84113,18.52096
883.jpg,73.84113,18.52096
884.jpg,73.84113,18.52096
885.jpg,73.84113,18.52096
886.jpg,73.84113,18.52096
887.jpg,73.84113,18.52096
888.jpg,73.84113,18.52096
889.jpg,73.84113,18.52096
89.jpg,73.84201,18.52265
890.jpg,73.84113,18.52096
891.jpg,73.84113,18.52096
892.jpg,73.84113,18.52096
893.jpg,73.84113,18.52096
894.jpg,73.84113,18.52096
895.jpg,73.84113,18.52096
896.jpg,73.84113,18.52096
897.jpg,73.84113,18.52096
898.jpg,73.84113,18.52096
899.jpg,73.84113,18.52096
9.jpg,73.84201,18.52265
90.jpg,73.84201,18.52265
900.jpg,73.84113,18.52096
901.jpg,73.84113,18.52096
902.jpg,73.84113,18.52096
903.jpg,73.84113,18.52096
904.jpg,73.84113,18.52096
905.jpg,73.84113,18.52096
906.jpg,73.84113,18.52096
907.jpg,73.84113,18.52096
908.jpg,73.84113,18.52096
909.jpg,73.84113,18.52096
91.jpg,73.84201,18.52265
92.jpg,73.84201,18.52265
93.jpg,73.84201,18.52265
94.jpg,73.84201,18.52265
95.jpg,73.84201,18.52265
96.jpg,73.84201,18.52265
97.jpg,73.85,18.52
98.jpg,73.85,18.52
99.jpg,73.85,18.52